-- phpMyAdmin SQL Dump
-- version 4.8.3
-- https://www.phpmyadmin.net/
--
-- Host: 127.0.0.1
-- Generation Time: 01-Nov-2018 às 16:38
-- Versão do servidor: 10.1.35-MariaDB
-- versão do PHP: 7.2.9

SET SQL_MODE = "NO_AUTO_VALUE_ON_ZERO";
SET AUTOCOMMIT = 0;
START TRANSACTION;
SET time_zone = "+00:00";


/*!40101 SET @OLD_CHARACTER_SET_CLIENT=@@CHARACTER_SET_CLIENT */;
/*!40101 SET @OLD_CHARACTER_SET_RESULTS=@@CHARACTER_SET_RESULTS */;
/*!40101 SET @OLD_COLLATION_CONNECTION=@@COLLATION_CONNECTION */;
/*!40101 SET NAMES utf8mb4 */;

--
-- Database: `processos`
--

-- --------------------------------------------------------

--
-- Estrutura da tabela `processo`
--
USE assjurprocessos;
CREATE TABLE `processo` (
  `id` int(11) NOT NULL,
  `data_entrada` date NOT NULL,
  `numero` varchar(100) NOT NULL,
  `nome` varchar(100) NOT NULL,
  `assunto` varchar(100) DEFAULT NULL,
  `data_saida` date DEFAULT NULL,
  `observacao` varchar(255) DEFAULT NULL,
  `setor_id` int(11) NOT NULL
) ENGINE=InnoDB DEFAULT CHARSET=latin1;

--
-- Extraindo dados da tabela `processo`
--

INSERT INTO `processo` (`id`, `data_entrada`, `numero`, `nome`, `assunto`, `data_saida`, `observacao`, `setor_id`) VALUES
(50, '2018-10-30', 'E-07/020/63/2018', 'RUA BELA - ASSOCIAÇÃO DE MORADORES - VASCO DA GAMA', 'INTERVENÇÃO EM CONFLITO', '1970-01-01', '', 10),
(51, '2018-10-31', 'CIGERAF/ITERJ Nº 129/2018', 'CIGERAF/ITERJ Nº 129/2018', 'SOLICITAÇÃO DE ACOLHO DA PRESIDENCIA', '1970-01-01', '', 10),
(52, '2018-10-31', '39/M.INT/TJRSCG/7VC/MND/2943/2018', '39/M.INT/TJRSCG/7VC/MND/2943/2018', 'MANDADO DE CITAÇÃO - REINTEGRAÇÃO DE POSSE', '1970-01-01', '', 10),
(53, '2018-10-27', 'Teste', 'Leonardo Da Informática', 'Se quiserem que eu coloque em produção eu coloco', '2018-10-30', 'Qualquer coisa me mandem email.', 1),
(55, '2016-02-24', 'E-19/014/639/2014', 'SEEDUC-RJ - CONVÊNIO DE COOPERAÇÃO  TÉCNICA', 'SEEDUC-RJ - CONVÊNIO DE COOPERAÇÃO  TÉCNICA', '1970-01-01', '', 10),
(56, '2017-07-24', 'E-07/020/61/2016', 'RELATORIO SEMESTRAL DE ATIVIDADES DA ASSESSORIA JURIDICA', 'RELATORIO SEMESTRAL DE ATIVIDADES DA ASSESSORIA JURIDICA', '1970-01-01', '', 10),
(57, '2016-10-10', 'E-07/020/16/2016', 'ITERJ REF. DARF', 'ITERJ REF. DARF', '1970-01-01', '', 10),
(58, '2018-10-31', 'E-07/020/100109/2018', 'RAFAELA DE FIGUEIREDO GARCIA GUIMARÃES', 'LICENÇA SEM VENCIMENTO', '1970-01-01', '', 10),
(59, '2018-10-30', 'CI GERAF/ITERJ Nº 132/2018', 'SOLICITAÇÃO DE CÓPIA DE PARECER JURIDICO', 'SOLICITAÇÃO DE CÓPIA DE PARECER JURIDICO E-19/014/018/2016.', '1970-01-01', '', 10),
(60, '2015-05-12', 'E-19/014/255/2015', 'PROJETO DE COOPERAÇÃO TÉCNICA - COMUNIDADE INDIANA (TIJUCA - RJ)', 'PROJETO DE COOPERAÇÃO TÉCNICA - COMUNIDADE INDIANA (TIJUCA - RJ)', '1970-01-01', '', 10),
(61, '2016-06-02', 'E-19/014/701/2013', 'TERMO DE COOPERAÇÃO TÉCNICA ENTRE O ITERJ E O MUNICÍPIO DE BARRA DO PIRAÍ/RJ', 'TERMO DE COOPERAÇÃO TÉCNICA ENTRE O ITERJ E O MUNICÍPIO DE BARRA DO PIRAÍ/RJ', '1970-01-01', '', 10),
(62, '2016-05-18', 'E-19/014/154/2016', 'SUBSTITUIÇÃO DE GESTORES DE BENS MOVEIS DO ITERJ NOS ASSENTAMENTOS', 'SUBSTITUIÇÃO DE GESTORES DE BENS MOVEIS DO ITERJ NOS ASSENTAMENTOS', '1970-01-01', '', 10),
(63, '2016-06-10', 'E-19/014/170/2016', 'ASSINATURAS E PUBLICAÇÕES DO DOERJ SEÇÃO DE FATURAMENTO -MATÉRIAS PUBLICADAS E NÃO FATURADAS', 'ASSINATURAS E PUBLICAÇÕES DO DOERJ SEÇÃO DE FATURAMENTO -MATÉRIAS PUBLICADAS E NÃO FATURADAS', '1970-01-01', '', 10),
(64, '2016-06-10', 'E-19/014/171/2016', 'EMPENHO - SERVIÇO DE COMERCIALIZAÇÃO DO DOERJ', 'EMPENHO - SERVIÇO DE COMERCIALIZAÇÃO DO DOERJ', '1970-01-01', '', 10),
(65, '2016-02-22', 'E-19/014/04/2016', 'DIÁRIO OFICIAL DO ESTADO DO RJ - PROPOSTA DE ASSINATURA ANUAL REF. AO EXERCÍCIO 2016', 'DIÁRIO OFICIAL DO ESTADO DO RJ - PROPOSTA DE ASSINATURA ANUAL REF. AO EXERCÍCIO 2016', '1970-01-01', '', 10),
(66, '2015-11-18', 'E-19/014/426/2015', 'ITERJ/SERVIDORES - AUXÍLIO-TRANSPORTE', 'ITERJ/SERVIDORES - AUXÍLIO-TRANSPORTE', '1970-01-01', '', 10),
(67, '2016-01-04', 'E-12/001/2551/2015', 'ELTON GUIMARAES ARIGONI', 'ELTON GUIMARAES ARIGONI', '1970-01-01', '', 10),
(68, '2015-03-13', 'E-19/014/195/2014', 'CONFLITO - COMUNIDADE CIDADE ALTA - SEROPÉDICA RJ', 'CONFLITO - COMUNIDADE CIDADE ALTA - SEROPÉDICA RJ', '1970-01-01', '', 10),
(69, '2017-04-18', 'E-07/020/165/2017', 'RESP A CI/ITERJ/GERAF/133/2016 - AGROVET SUL PROD. E SERV. DE EQUIPAMENTO EIRELI', 'RESP A CI/ITERJ/GERAF/133/2016 - AGROVET SUL PROD. E SERV. DE EQUIPAMENTO EIRELI', '1970-01-01', '', 10),
(70, '2017-05-16', 'E-19/200.355/2009', 'ASSOC. DE MORADORES VILA CAPELINHA - SOLICITAÇAO DE RECADASTRAMENTO -MAGALHAES BASTOS', 'ASSOC. DE MORADORES VILA CAPELINHA - SOLICITAÇAO DE RECADASTRAMENTO -MAGALHAES BASTOS', '1970-01-01', '', 10),
(71, '2016-05-23', 'E-19/014/31/2015', 'FUNDAÇÃO PARA A INFÂNCIA E ADOLESCÊNCIA DOAÇÃO DE UMA PRENSA', 'FUNDAÇÃO PARA A INFÂNCIA E ADOLESCÊNCIA DOAÇÃO DE UMA PRENSA', '1970-01-01', '', 10),
(72, '2015-11-11', 'E-19/014/214/2013', 'SOLICITAÇÃO DE REASSENTAMENTO POR OCUPAÇÃO DE AREA DE RISCO- PREVENTÓRIO NITERÓI', 'SOLICITAÇÃO DE REASSENTAMENTO POR OCUPAÇÃO DE AREA DE RISCO- PREVENTÓRIO NITERÓI', '1970-01-01', '', 10),
(73, '2016-04-13', 'E-19/014/68/2016', 'FAZENDA EXPERIMENTAL DE ITALVA', 'FAZENDA EXPERIMENTAL DE ITALVA', '1970-01-01', '', 10),
(74, '2016-06-07', 'E-19/014/160/2016', 'CENTRO DE REAB. SOCIAL INFANTIL SAO COSME E DAMIAO', 'CENTRO DE REAB. SOCIAL INFANTIL SAO COSME E DAMIAO', '1970-01-01', '', 10),
(75, '2017-10-18', 'E-14/001/051188/2015', 'BALPRENSA COMERCIO E INDUSTRIA DE FERRO LTDA', 'BALPRENSA COMERCIO E INDUSTRIA DE FERRO LTDA', '1970-01-01', '', 10),
(76, '2017-11-16', 'E-07/020/280/2017', 'PEDIDO DETERMO DE COOPERAÇÃO TÉCNICA ENTRE O ITERJ E O MUNICÍPIO DE PORCIÚNCULA RJ', 'PEDIDO DETERMO DE COOPERAÇÃO TÉCNICA ENTRE O ITERJ E O MUNICÍPIO DE PORCIÚNCULA RJ', '1970-01-01', '', 10),
(77, '2017-03-17', 'E-07/020/108/2016', 'RAFAEL CARVALHO BRITO - AVALIAÇÃO PERIÓDICA DE DESEMPENHO', 'RAFAEL CARVALHO BRITO - AVALIAÇÃO PERIÓDICA DE DESEMPENHO', '1970-01-01', '', 10),
(78, '2018-02-28', 'E-07/020/11/2018', 'PROPOSIÇÃO DE ALTERAÇÃO DA PORTARIA Nº 096 /2012 - ITERJ', 'PROPOSIÇÃO DE ALTERAÇÃO DA PORTARIA Nº 096 /2012 - ITERJ', '1970-01-01', '', 10),
(80, '2016-02-15', 'E-19/014/211/2015', 'RELATÓRIO BIMESTRAL DE ATIVIDADES DA ASSESSORIA - JURÍDICA', 'RELATÓRIO BIMESTRAL DE ATIVIDADES DA ASSESSORIA - JURÍDICA', '1970-01-01', '', 10),
(81, '2018-04-18', 'E-19/014/707/2013', 'TERMO DE COOPERAÇÃO TÉCNICA ENTRE O ITERJ E CENTRO UNIVERSITÁRIO AUGUSTO MOTTA - UNISUAM', 'TERMO DE COOPERAÇÃO TÉCNICA ENTRE O ITERJ E CENTRO UNIVERSITÁRIO AUGUSTO MOTTA - UNISUAM', '1970-01-01', '', 10),
(82, '2017-06-27', 'E-19/014/982/2014', 'REGULARIZAÇÃO COOPATERRA PREF.M DUQUE DE CAXIAS-ASSENTAMENTO RURAL TERRA PROMETIDA', 'REGULARIZAÇÃO COOPATERRA PREF.M DUQUE DE CAXIAS-ASSENTAMENTO RURAL TERRA PROMETIDA', '1970-01-01', '', 10),
(83, '2017-03-17', 'E-07/020/13/2016', 'PEDIDO DE ACORDO DE COOPERAÇÃO TÉCNICA ENTRE O ITERJ E DPGE', 'PEDIDO DE ACORDO DE COOPERAÇÃO TÉCNICA ENTRE O ITERJ E DPGE', '1970-01-01', '', 10),
(84, '2017-04-18', 'E-19/000371/2012', 'NORMA AURORA SOMOGYI AUTORIZAÇÃO PROVISÓRIA DE OCUPAÇÃO CANTAGALO', 'NORMA AURORA SOMOGYI AUTORIZAÇÃO PROVISÓRIA DE OCUPAÇÃO CANTAGALO', '1970-01-01', '', 10),
(85, '2017-02-20', 'E-19/014/1032/2013', 'SOLICITA DECLARAÇÃO DE CADASTRO - CAMPO ALEGRE - QUEIMADOS - RJ', 'SOLICITA DECLARAÇÃO DE CADASTRO - CAMPO ALEGRE - QUEIMADOS - RJ', '1970-01-01', '', 10),
(86, '2014-01-17', 'E-19/014/175/2013', 'REQUERIMENTO DE NEILTON FREITAS DA SILVA', 'CAMPO DE FUTEBOL -  - VILA SÃO JOSÉ/CONCEIÇÃO DE MACABU', '1970-01-01', '', 10),
(87, '2017-12-20', 'E-07/020/258/2017', 'TERMO DE COOPERAÇÃO TÉCNICA ENTRE O ITERJ E O MUNICÍPIO DE CARAPEBUS/RJ', 'TERMO DE COOPERAÇÃO TÉCNICA ENTRE O ITERJ E O MUNICÍPIO DE CARAPEBUS/RJ', '1970-01-01', '', 10),
(88, '2018-05-15', 'E-19/014/626/2014', 'TERMO DE REFERÊNCIA E PLANILHAS ORÇAMENTÁRIAS - PROJETO MEMÓRIAS DA LUTA PELO DIREITO À TERRA NO RJ', 'TERMO DE REFERÊNCIA E PLANILHAS ORÇAMENTÁRIAS - PROJETO MEMÓRIAS DA LUTA PELO DIREITO À TERRA NO RJ', '1970-01-01', '', 10),
(89, '2018-07-13', 'E-07/020/64/2018', 'TERMO DE COOPERAÇÃO TÉCNICA ENTRE O ITERJ E O MUNICÍPIO DE ANGRA DOS REIS', 'TERMO DE COOPERAÇÃO TÉCNICA ENTRE O ITERJ E O MUNICÍPIO DE ANGRA DOS REIS', '1970-01-01', '', 10),
(90, '2018-08-10', 'E-07/020/142/2018', 'LUIZ ROBERTO PEREIRA DE SOUZA - DIÁRIAS', 'LUIZ ROBERTO PEREIRA DE SOUZA - DIÁRIAS', '1970-01-01', '', 10),
(91, '2018-08-10', 'E-07/020/100007/2018', ' TERMO DE COOPERAÇÃO TECNICA ENTRE O ITERJ E O MUNICIPIO DE RESENDE/RJ', ' TERMO DE COOPERAÇÃO TECNICA ENTRE O ITERJ E O MUNICIPIO DE RESENDE/RJ', '1970-01-01', '', 10),
(92, '2018-08-15', 'E-19/014/172/2016', 'APOIO TECNICO/ CELEBRAÇAO DE ACORDO DE COOPERAÇÃO TÉCNICA - QUILOMBO CAMPINHO DA INDEPENDÊNCIA', 'APOIO TECNICO/ CELEBRAÇAO DE ACORDO DE COOPERAÇÃO TÉCNICA - QUILOMBO CAMPINHO DA INDEPENDÊNCIA', '1970-01-01', '', 10),
(93, '2018-08-17', 'E-19/200358/2011', 'COMUNIDADE SITIO DO PICA PAU DR. THOUZET REGULARIZAÇÃO FUNDIÁRIA', 'COMUNIDADE SITIO DO PICA PAU DR. THOUZET REGULARIZAÇÃO FUNDIÁRIA', '1970-01-01', '', 10),
(94, '2018-08-20', 'E-14/48041/2007', 'NEIDE MORENO ALVES - AÇÃO DE USUCAPIÃO - PARATY', 'NEIDE MORENO ALVES - AÇÃO DE USUCAPIÃO - PARATY', '1970-01-01', '', 10),
(95, '2018-08-21', 'E-07/020/145//2018', 'CONVÊNIO SEAD', 'CONVÊNIO SEAD', '1970-01-01', '', 10),
(96, '2018-08-22', 'E-19/001/016/2015', 'FISCALIZAÇÃO DE CONTRATOS ADMINISTRATIVOS DE PRESTAÇÃO DE SERVIÇOS CONTINUADOS - PGE', 'FISCALIZAÇÃO DE CONTRATOS ADMINISTRATIVOS DE PRESTAÇÃO DE SERVIÇOS CONTINUADOS - PGE', '1970-01-01', '', 10),
(97, '2018-08-22', 'E-07/020/64/2018', 'PREFEITURA DE ANGRA DOS REIS', 'TERMO DE COOPERAÇÃO TÉCNICA', '1970-01-01', '', 10),
(98, '2018-08-24', 'E-07/020/264/2017', 'PREFEITURA MUNICIPAL DE MARICÁ - PEDIDO DE TERMO DE COOPERAÇÃO TÉCNICA', 'PREFEITURA MUNICIPAL DE MARICÁ - PEDIDO DE TERMO DE COOPERAÇÃO TÉCNICA', '1970-01-01', '', 10),
(99, '2018-08-28', 'E-02/150613/2004', 'CI DRF/ITERJ N° 81/04 - VILA NOSSA SENHORA DA GLÓRIA', 'CI DRF/ITERJ N° 81/04 - VILA NOSSA SENHORA DA GLÓRIA', '1970-01-01', '', 10),
(100, '2018-09-13', 'E-07/020/8/2018', 'MATEUS HENRIQUE AMARAL - RESSARCIMENTO DO SERVIDOR CEDIDO', 'MATEUS HENRIQUE AMARAL - RESSARCIMENTO DO SERVIDOR CEDIDO', '1970-01-01', '', 10),
(101, '2018-09-17', 'E-07/020/100060/2018', 'ROSANA MARIA VELOSO ARAUJO', 'ROSANA MARIA VELOSO ARAUJO', '1970-01-01', '', 10),
(102, '2018-09-27', 'E-19/014/468/2014', 'INDICAÇÃO DE SERVIDORES PARA COMPOR A COMISSÃO PREGÃO ELETRÔNICO', 'INDICAÇÃO DE SERVIDORES PARA COMPOR A COMISSÃO PREGÃO ELETRÔNICO', '1970-01-01', '', 10),
(103, '2018-09-27', 'E-07/020/140/2018', 'COMUNIDADE CHIQUINHA GONZAGA', 'COMUNIDADE CHIQUINHA GONZAGA', '1970-01-01', 'Apensados: 07/020/100008/2018; E-07/020/100009/2018', 10),
(104, '2018-10-03', 'E-07/020/100075/2018', 'AQUISIÇÃO DE MATERIAL DE INFORMÁTICA', 'AQUISIÇÃO DE MATERIAL DE INFORMÁTICA', '1970-01-01', '', 10),
(105, '2018-10-03', 'E-07/020/100079/2018', 'ENCADERNAÇÃO DE LIVRO DE FOLHAS SOLTAS', 'ENCADERNAÇÃO DE LIVRO DE FOLHAS SOLTAS', '1970-01-01', '', 10),
(106, '2018-10-03', 'E-02/150086/2003', 'ASSOCIAÇÃO DOS MORADORES VILA GETÚLIO CABRAL', 'ASSOCIAÇÃO DOS MORADORES VILA GETÚLIO CABRAL', '1970-01-01', '', 10),
(107, '2018-10-05', 'E-07/020/100083/2018', 'BARBARA MENDONÇA MACEDO - ACUMULAÇÃO DE CARGOS', 'BARBARA MENDONÇA MACEDO - ACUMULAÇÃO DE CARGOS', '1970-01-01', '', 10),
(108, '2018-10-05', 'E-07/020/100082/2018', 'BARBARA MENDONÇA MACEDO - LICENÇA PREMIO', 'BARBARA MENDONÇA MACEDO - LICENÇA PREMIO', '1970-01-01', '', 10),
(109, '2018-10-08', 'E-07/020/100078/2018', 'PRISCILA LOURES LEITE', 'PRISCILA LOURES LEITE', '1970-01-01', '', 10),
(110, '2018-10-17', 'E-07/020/43/2018', 'GERENCIA DE RECURSOS HUMANOS', 'GERENCIA DE RECURSOS HUMANOS', '1970-01-01', '', 10),
(111, '2018-10-17', 'E-07/020/23/2018', 'INSENÇÃO DE ITD - ZILDA ARNS I E II', 'INSENÇÃO DE ITD - ZILDA ARNS I E II', '1970-01-01', '', 10),
(112, '2018-10-18', 'E-07/020/100031/2018', 'SOLICITAÇÃO DE LIBERAÇÃO FINANCEIRA PARA AUXILIO ALIMENTAÇÃO.', 'SOLICITAÇÃO DE LIBERAÇÃO FINANCEIRA PARA AUXILIO ALIMENTAÇÃO.', '1970-01-01', '', 10),
(113, '2018-10-25', 'E-07/020/100104/2018', 'LUIS CESAR CARVALHO', 'LUIS CESAR CARVALHO', '1970-01-01', '', 10),
(114, '2018-10-25', 'E-07/020/100107/2018', 'CI/ITERJ/GERAF/128', 'MANUTENÇÃO DE ELEVADOR', '1970-01-01', '', 10),
(115, '2018-10-31', 'OF/PGE/PG11/GBM/2018', 'AÇÃO DE REINTEGRAÇÃO DE POSSE', 'AVENIDA PRESIDENTE DUTRA - MUNICÍPIO DE ITATIAIA', '1970-01-01', '', 10),
(116, '2018-10-31', 'E-07/020/100112/2018', 'ACORDO DE COOPERAÇÃO TÉCNICA INCRA E ITERJ', 'ACORDO DE COOPERAÇÃO TÉCNICA INCRA E ITERJ', '1970-01-01', '', 10);

-- --------------------------------------------------------

--
-- Estrutura da tabela `role`
--

CREATE TABLE `role` (
  `id` int(11) NOT NULL,
  `role` varchar(20) NOT NULL,
  `created` datetime NOT NULL,
  `modified` datetime NOT NULL
) ENGINE=InnoDB DEFAULT CHARSET=latin1;

--
-- Extraindo dados da tabela `role`
--

INSERT INTO `role` (`id`, `role`, `created`, `modified`) VALUES
(3, 'admin', '2018-09-26 13:40:00', '2018-09-26 13:40:00'),
(4, 'user', '2018-09-26 13:40:00', '2018-09-26 13:40:00');

-- --------------------------------------------------------

--
-- Estrutura da tabela `setor`
--

CREATE TABLE `setor` (
  `id` int(11) NOT NULL,
  `nome` varchar(50) NOT NULL
) ENGINE=InnoDB DEFAULT CHARSET=latin1;

--
-- Extraindo dados da tabela `setor`
--

INSERT INTO `setor` (`id`, `nome`) VALUES
(11, 'Assessoria Contábil'),
(7, 'Assessoria de Planejamento'),
(6, 'Assessoria Especial'),
(10, 'Assessoria Jurídica'),
(5, 'Auditoria Interna'),
(4, 'Chefia de Gabinete'),
(3, 'Conselho Fiscal'),
(2, 'Diretoria de Administração e Finanças'),
(18, 'Diretoria de Assentamentos e Projetos'),
(21, 'Diretoria de Cadastro e Cartografia'),
(15, 'Diretoria de Regularização Fundiária'),
(13, 'Gerência de Administração e Finanças'),
(19, 'Gerência de Assentamentos'),
(17, 'Gerência de Atendimento Comunitário'),
(22, 'Gerência de Cadastro e Pesquisa Social'),
(23, 'Gerência de Cadastro Físico e Cartografia'),
(20, 'Gerência de Projetos'),
(14, 'Gerência de Recursos Humanos'),
(16, 'Gerência de Regularização Fundiária'),
(1, 'Presidência');

-- --------------------------------------------------------

--
-- Estrutura da tabela `user`
--

CREATE TABLE `user` (
  `id` int(11) NOT NULL,
  `name` varchar(255) NOT NULL,
  `username` varchar(20) NOT NULL,
  `email` varchar(100) NOT NULL,
  `password` varchar(255) NOT NULL,
  `created` datetime NOT NULL,
  `modified` datetime NOT NULL,
  `role_id` int(11) NOT NULL
) ENGINE=InnoDB DEFAULT CHARSET=latin1;

--
-- Extraindo dados da tabela `user`
--

INSERT INTO `user` (`id`, `name`, `username`, `email`, `password`, `created`, `modified`, `role_id`) VALUES
(1, 'Leonardo da Costa Santiago', 'lelepito', 'leocsdcc@gmail.com', '827ccb0eea8a706c4c34a16891f84e7b', '2018-09-26 13:40:00', '2018-09-26 13:40:00', 4),
(5, 'Ester Roffê Santiago', 'admin', ' alexandre.art@gmail.com', '827ccb0eea8a706c4c34a16891f84e7b', '2018-09-27 12:56:00', '2018-09-27 12:56:00', 3),
(6, 'Usuário de Teste', 'teste', 'teste@email.com', '698dc19d489c4e4db73e28a713eab07b', '2018-10-30 12:44:00', '2018-10-30 12:44:00', 4),
(7, 'Baquaqua', 'baquaqua', '', '81dc9bdb52d04dc20036dbd8313ed055', '2018-10-30 13:38:00', '2018-10-30 13:38:00', 4);

--
-- Indexes for dumped tables
--

--
-- Indexes for table `processo`
--
ALTER TABLE `processo`
  ADD PRIMARY KEY (`id`),
  ADD KEY `fk_processo_setor_idx` (`setor_id`);

--
-- Indexes for table `role`
--
ALTER TABLE `role`
  ADD PRIMARY KEY (`id`);

--
-- Indexes for table `setor`
--
ALTER TABLE `setor`
  ADD PRIMARY KEY (`id`),
  ADD UNIQUE KEY `nome` (`nome`);

--
-- Indexes for table `user`
--
ALTER TABLE `user`
  ADD PRIMARY KEY (`id`),
  ADD KEY `fk_users_roles1_idx` (`role_id`);

--
-- AUTO_INCREMENT for dumped tables
--

--
-- AUTO_INCREMENT for table `processo`
--
ALTER TABLE `processo`
  MODIFY `id` int(11) NOT NULL AUTO_INCREMENT, AUTO_INCREMENT=117;

--
-- AUTO_INCREMENT for table `role`
--
ALTER TABLE `role`
  MODIFY `id` int(11) NOT NULL AUTO_INCREMENT, AUTO_INCREMENT=5;

--
-- AUTO_INCREMENT for table `setor`
--
ALTER TABLE `setor`
  MODIFY `id` int(11) NOT NULL AUTO_INCREMENT, AUTO_INCREMENT=24;

--
-- AUTO_INCREMENT for table `user`
--
ALTER TABLE `user`
  MODIFY `id` int(11) NOT NULL AUTO_INCREMENT, AUTO_INCREMENT=8;

--
-- Constraints for dumped tables
--

--
-- Limitadores para a tabela `processo`
--
ALTER TABLE `processo`
  ADD CONSTRAINT `fk_processo_setor` FOREIGN KEY (`setor_id`) REFERENCES `setor` (`id`) ON DELETE NO ACTION ON UPDATE NO ACTION;

--
-- Limitadores para a tabela `user`
--
ALTER TABLE `user`
  ADD CONSTRAINT `fk_users_roles1` FOREIGN KEY (`role_id`) REFERENCES `role` (`id`) ON DELETE NO ACTION ON UPDATE NO ACTION;
COMMIT;

/*!40101 SET CHARACTER_SET_CLIENT=@OLD_CHARACTER_SET_CLIENT */;
/*!40101 SET CHARACTER_SET_RESULTS=@OLD_CHARACTER_SET_RESULTS */;
/*!40101 SET COLLATION_CONNECTION=@OLD_COLLATION_CONNECTION */;
